<?xml version="1.0" encoding="UTF-8"?>
<project-private xmlns="http://www.netbeans.org/ns/project-private/1">
    <editor-bookmarks xmlns="http://www.netbeans.org/ns/editor-bookmarks/2" lastBookmarkId="0"/>
    <open-files xmlns="http://www.netbeans.org/ns/projectui-open-files/2">
        <group name="P2">
            <file>file:/C:/Users/Akshayaa/Desktop/CSC%20218/Exam3_AkshayaaShresthaPrg2/src/Program/RenameTemplate.java</file>
            <file>file:/C:/Users/Akshayaa/Desktop/CSC%20218/Exam3_AkshayaaShresthaPrg2/src/Program/UI_Form.java</file>
            <file>file:/C:/Users/Akshayaa/Desktop/CSC%20218/Exam3_AkshayaaShresthaPrg2/src/Program/ValidatorSearch.java</file>
            <file>file:/C:/Users/Akshayaa/Desktop/CSC%20218/Exam3_AkshayaaShresthaPrg2/src/Program/ValidatorRename.java</file>
            <file>file:/C:/Users/Akshayaa/Desktop/CSC%20218/Exam3_AkshayaaShresthaPrg2/src/Program/FileFinder.java</file>
            <file>file:/C:/Users/Akshayaa/Desktop/CSC%20218/Exam3_AkshayaaShresthaPrg2/src/Program/FileRenamer.java</file>
        </group>
    </open-files>
</project-private>
